Workbook

Sheet Premissas e Dados
B2: VÉRTICE CONFECÇÕES & UNIFORMES PROFISSIONAIS LTDA.
B3: Planejamento Agregado da Produção (PAP) - Parâmetros Gerais
B4: Base Cadastral, Custos Operacionais e Demanda Mensal
B6: PARÂMETRO OPERACIONAL | C6: VALOR | D6: UNIDADE | E6: DESCRIÇÃO / BASE LEGAL
B7: Quadro Base de Operadoras (Costureiras) | C7: 20 | D7: costureiras | E7: Força de trabalho efetiva inicial
B8: Jornada Mensal Líquida por Operadora | C8: 160 | D8: horas/mês | E8: 44h semanais com pausas da NR-17
B9: Tempo Padrão no Gargalo da Costura (TP) | C9: 0.8 | D9: horas/conjunto | E9: Cronoanálise na costura (48 minutos)
B10: Produtividade Normal por Costureira | C10: 200 | D10: conjuntos/mês | E10: 160 h ÷ 0.80 h/conjunto
B11: Capacidade Normal Base da Fábrica (20 op.) | C11: 4000 | D11: conjuntos/mês | E11: 20 operadoras × 200 un/mês
B12: Estoque Inicial de Segurança (Mês 0) | C12: 400 | D12: conjuntos | E12: Estoque de segurança do ano anterior
B13: Estoque Final Desejado (Mês 12) | C13: 400 | D13: conjuntos | E13: Estoque para inauguração do ano seguinte
B14: Limite Legal de Horas Extras (CLT Art. 59) | C14: 0.25 | D14: da jornada (25%) | E14: Até 2h extras/dia = máx. 800 un/mês
B15: Custo de Produção em Turno Normal (cn) | C15: 38 | D15: R$ / conjunto | E15: Tecido, aviamentos, MOD direta e CIF
B16: Custo em Turno Extra / Hora Extra (che) | C16: 46 | D16: R$ / conjunto | E16: Adicional constitucional de 50% na MOD
B17: Custo de Subcontratação / Facção Externa (csub) | C17: 52 | D17: R$ / conjunto | E17: Oficina externa de costura parceira
B18: Custo de Manutenção / Posse de Estoque (ce) | C18: 3 | D18: R$ / conjunto / mês | E18: Armazenagem física e custo de capital (sobre EM)
... B21: Custo de Demissão / Rescisão Trabalhista (Cd) | C21: 3000 | D21: R$ / demissão | E21: Aviso prévio, multa 40% FGTS e homologação
B24: 2. SÉRIE HISTÓRICA E PREVISÃO DA DEMANDA AGREGADA (UNIDADES)
B25: Item / Período | C25: Jan | D25: Fev | E25: Mar | F25: Abr | G25: Mai | H25: Jun | I25: Jul | J25: Ago | K25: Set | L25: Out | M25: Nov | N25: Dez | O25: Total Anual
B26: Demanda Prevista (un.) | C26: 4600 | D26: 5200 | E26: 4800 | F26: 3600 | G26: 3200 | H26: 3000 | I26: 3800 | J26: 3600 | K26: 3400 | L26: 3800 | M26: 5000 | N26: 4000 | O26: =SUM(C26:N26)

Sheet Estratégia 1 - Nivelamento
B2: VÉRTICE CONFECÇÕES & UNIFORMES PROFISSIONAIS LTDA.
B3: Estratégia 1: Taxa Constante (Nivelamento / Level)
B4: Planejamento Agregado da Produção: Meses em Colunas, Variáveis e Custos em Linhas
B6: Variável / Rubrica de Planejamento da Produção | C6: Jan | D6: Fev | E6: Mar | F6: Abr | G6: Mai | H6: Jun | I6: Jul | J6: Ago | K6: Set | L6: Out | M6: Nov | N6: Dez | O6: Total Anual
B7: 1. DEMANDA E VENDAS (UNIDADES)
B8: (=) Demanda Prevista (Dt) | C8: ='Premissas e Dados'!C26 | D8: ='Premissas e Dados'!D26 | E8: ='Premissas e Dados'!E26 | F8: ='Premissas e Dados'!F26 | G8: ='Premissas e Dados'!G26 | H8: ='Premissas e Dados'!H26 | I8: ='Premissas e Dados'!I26 | J8: ='Premissas e Dados'!J26 | ... N8: ='Premissas e Dados'!N26 | O8: =SUM(C8:N8)
B9: (+) Backlog Anterior / Demanda Reprimida | C9: 0 | D9: =C16 | E9: =D16 | F9: =E16 | G9: =F16 | H9: =G16 | I9: =H16 | J9: =I16 | K9: =J16 | ... N9: =M16 | O9: -
B10: (=) Demanda Efetiva do Período | C10: =C8+C9 | D10: =D8+D9 | E10: =E8+E9 | F10: =F8+F9 | G10: =G8+G9 | H10: =H8+H9 | I10: =I8+I9 | J10: =J8+J9 | ... N10: =N8+N9 | O10: -
B11: 2. PLANO DE PRODUÇÃO E BALANÇO DE ESTOQUES (UNIDADES)
B12: (+) Estoque Inicial (EIt) | C12: 400 | D12: =C15 | E12: =D15 | F12: =E15 | G12: =F15 | H12: =G15 | I12: =H15 | J12: =I15 | K12: =J15 | ... N12: =M15 | O12: -
B13: (+) Produção Normal Constante (20 costureiras) | C13: 4000 | D13: 4000 | E13: 4000 | F13: 4000 | G13: 4000 | H13: 4000 | I13: 4000 | J13: 4000 | K13: 4000 | L13: 4000 | M13: 4000 | N13: 4000 | O13: =SUM(C13:N13)
B14: (=) Disponibilidade Total (EIt + Pt) | C14: =C12+C13 | D14: =D12+D13 | E14: =E12+E13 | F14: =F12+F13 | G14: =G12+G13 | H14: =H12+H13 | I14: =I12+I13 | J14: =J12+J13 | ... N14: =N12+N13 | O14: -
B15: (=) Estoque Final (EFt) | C15: =IF(C14>=C10, C14-C10, 0) | D15: =IF(D14>=D10, D14-D10, 0) | E15: =IF(E14>=E10, E14-E10, 0) | F15: =IF(F14>=F10, F14-F10, 0) | G15: =IF(G14>=G10, G14-G10, 0) | H15: =IF(H14>=H10, H14-H10, 0) | I15: =IF(I14>=I10, I14-I10, 0) | J15: =IF(J14>=J10, J14-J10, 0) | ... N15: =IF(N14>=N10, N14-N10, 0) | O15: =N15
B16: (-) Backlog Final / Atrasos Acumulados | C16: =IF(C14<C10, C10-C14, 0) | D16: =IF(D14<D10, D10-D14, 0) | E16: =IF(E14<E10, E10-E14, 0) | F16: =IF(F14<F10, F10-F14, 0) | G16: =IF(G14<G10, G10-G14, 0) | H16: =IF(H14<H10, H10-H14, 0) | I16: =IF(I14<I10, I10-I14, 0) | J16: =IF(J14<J10, J10-J14, 0) | ... N16: =IF(N14<N10, N10-N14, 0) | O16: =SUM(C16:N16)
B17: (=) Estoque Médio Mensal (EMt) | C17: =(C12+C15)/2 | D17: =(D12+D15)/2 | E17: =(E12+E15)/2 | F17: =(F12+F15)/2 | G17: =(G12+G15)/2 | H17: =(H12+H15)/2 | I17: =(I12+I15)/2 | J17: =(J12+J15)/2 | ... N17: =(N12+N15)/2 | O17: =AVERAGE(C17:N17)
B18: 3. PLANO FINANCEIRO / CUSTOS OPERACIONAIS DO PAP (R$)
B19: (+) Custos de Produção em Turno Normal (cn = R$ 38,00) | C19: =C13*'Premissas e Dados'!$C$15 | D19: =D13*'Premissas e Dados'!$C$15 | E19: =E13*'Premissas e Dados'!$C$15 | F19: =F13*'Premissas e Dados'!$C$15 | G19: =G13*'Premissas e Dados'!$C$15 | H19: =H13*'Premissas e Dados'!$C$15 | I19: =I13*'Premissas e Dados'!$C$15 | J19: =J13*'Premissas e Dados'!$C$15 | ... N19: =N13*'Premissas e Dados'!$C$15 | O19: =SUM(C19:N19)
B20: (+) Custos de Manutenção / Posse de Estoque (ce = R$ 3,00) | C20: =C17*'Premissas e Dados'!$C$18 | D20: =D17*'Premissas e Dados'!$C$18 | E20: =E17*'Premissas e Dados'!$C$18 | F20: =F17*'Premissas e Dados'!$C$18 | G20: =G17*'Premissas e Dados'!$C$18 | H20: =H17*'Premissas e Dados'!$C$18 | I20: =I17*'Premissas e Dados'!$C$18 | J20: =J17*'Premissas e Dados'!$C$18 | ... N20: =N17*'Premissas e Dados'!$C$18 | O20: =SUM(C20:N20)
B21: (+) Custos de Penalidade por Atraso / Backlog (ca = R$ 20,00) | C21: =C16*'Premissas e Dados'!$C$19 | D21: =D16*'Premissas e Dados'!$C$19 | E21: =E16*'Premissas e Dados'!$C$19 | F21: =F16*'Premissas e Dados'!$C$19 | G21: =G16*'Premissas e Dados'!$C$19 | H21: =H16*'Premissas e Dados'!$C$19 | I21: =I16*'Premissas e Dados'!$C$19 | J21: =J16*'Premissas e Dados'!$C$19 | ... N21: =N16*'Premissas e Dados'!$C$19 | O21: =SUM(C21:N21)
B22: (=) CUSTO TOTAL OPERACIONAL DO PAP (R$) | C22: =SUM(C19:C21) | D22: =SUM(D19:D21) | E22: =SUM(E19:E21) | F22: =SUM(F19:F21) | G22: =SUM(G19:G21) | H22: =SUM(H19:H21) | I22: =SUM(I19:I21) | J22: =SUM(J19:J21) | ... N22: =SUM(N19:N21) | O22: =SUM(C22:N22)

Sheet Estratégia 2 - Acompanhamento
B2: VÉRTICE CONFECÇÕES & UNIFORMES PROFISSIONAIS LTDA.
B3: Estratégia 2: Acompanhamento da Demanda (Chase)
B4: Planejamento Agregado da Produção: Meses em Colunas, Variáveis e Custos em Linhas
B6: Variável / Rubrica de Planejamento da Produção | C6: Jan | D6: Fev | E6: Mar | F6: Abr | G6: Mai | H6: Jun | I6: Jul | J6: Ago | K6: Set | L6: Out | M6: Nov | N6: Dez | O6: Total Anual
B7: 1. DEMANDA E VENDAS (UNIDADES)
B8: (=) Demanda Prevista (Dt) | C8: ='Premissas e Dados'!C26 | D8: ='Premissas e Dados'!D26 | E8: ='Premissas e Dados'!E26 | F8: ='Premissas e Dados'!F26 | G8: ='Premissas e Dados'!G26 | H8: ='Premissas e Dados'!H26 | I8: ='Premissas e Dados'!I26 | J8: ='Premissas e Dados'!J26 | ... N8: ='Premissas e Dados'!N26 | O8: =SUM(C8:N8)
B9: 2. DIMENSIONAMENTO DA FORÇA DE TRABALHO E ROTATIVIDADE
B10: (=) Operadoras Necessárias no Mês (Nt = Dt ÷ 200) | C10: =INT(C8/'Premissas e Dados'!$C$10) | D10: =INT(D8/'Premissas e Dados'!$C$10) | E10: =INT(E8/'Premissas e Dados'!$C$10) | F10: =INT(F8/'Premissas e Dados'!$C$10) | G10: =INT(G8/'Premissas e Dados'!$C$10) | H10: =INT(H8/'Premissas e Dados'!$C$10) | I10: =INT(I8/'Premissas e Dados'!$C$10) | J10: =INT(J8/'Premissas e Dados'!$C$10) | ... N10: =INT(N8/'Premissas e Dados'!$C$10) | O10: =AVERAGE(C10:N10)
B11: (-) Operadoras do Mês Anterior (Nt-1) | C11: ='Premissas e Dados'!$C$7 | D11: =C10 | E11: =D10 | F11: =E10 | G11: =F10 | H11: =G10 | I11: =H10 | J11: =I10 | K11: =J10 | ... N11: =M10 | O11: -
B12: (+) Contratações / Admissões Realizadas (Ct) | C12: =MAX(0, C10-C11) | D12: =MAX(0, D10-D11) | E12: =MAX(0, E10-E11) | F12: =MAX(0, F10-F11) | G12: =MAX(0, G10-G11) | H12: =MAX(0, H10-H11) | I12: =MAX(0, I10-I11) | J12: =MAX(0, J10-J11) | ... N12: =MAX(0, N10-N11) | O12: =SUM(C12:N12)
B13: (-) Demissões / Desligamentos Realizados (Dt) | C13: =MAX(0, C11-C10) | D13: =MAX(0, D11-D10) | E13: =MAX(0, E11-E10) | F13: =MAX(0, F11-F10) | G13: =MAX(0, G11-G10) | H13: =MAX(0, H11-H10) | I13: =MAX(0, I11-I10) | J13: =MAX(0, J11-J10) | ... N13: =MAX(0, N11-N10) | O13: =SUM(C13:N13)
B14: 3. PLANO DE PRODUÇÃO E ESTOQUES (UNIDADES)
B15: (=) Produção Real em Turno Normal (Pt = Nt × 200) | C15: =C10*'Premissas e Dados'!$C$10 | D15: =D10*'Premissas e Dados'!$C$10 | E15: =E10*'Premissas e Dados'!$C$10 | F15: =F10*'Premissas e Dados'!$C$10 | G15: =G10*'Premissas e Dados'!$C$10 | H15: =H10*'Premissas e Dados'!$C$10 | I15: =I10*'Premissas e Dados'!$C$10 | J15: =J10*'Premissas e Dados'!$C$10 | ... N15: =N10*'Premissas e Dados'!$C$10 | O15: =SUM(C15:N15)
B16: (=) Estoque Médio de Segurança (Fixo) | C16: 400 | D16: 400 | E16: 400 | F16: 400 | G16: 400 | H16: 400 | I16: 400 | J16: 400 | K16: 400 | L16: 400 | M16: 400 | N16: 400 | O16: 400
B17: 4. PLANO FINANCEIRO / CUSTOS OPERACIONAIS DO PAP (R$)
B18: (+) Custos de Produção em Turno Normal (cn = R$ 38,00) | C18: =C15*'Premissas e Dados'!$C$15 | D18: =D15*'Premissas e Dados'!$C$15 | E18: =E15*'Premissas e Dados'!$C$15 | F18: =F15*'Premissas e Dados'!$C$15 | G18: =G15*'Premissas e Dados'!$C$15 | H18: =H15*'Premissas e Dados'!$C$15 | I18: =I15*'Premissas e Dados'!$C$15 | J18: =J15*'Premissas e Dados'!$C$15 | ... N18: =N15*'Premissas e Dados'!$C$15 | O18: =SUM(C18:N18)
B19: (+) Custos de Admissão de Operadoras (Cc = R$ 1.600,00) | C19: =C12*'Premissas e Dados'!$C$20 | D19: =D12*'Premissas e Dados'!$C$20 | E19: =E12*'Premissas e Dados'!$C$20 | F19: =F12*'Premissas e Dados'!$C$20 | G19: =G12*'Premissas e Dados'!$C$20 | H19: =H12*'Premissas e Dados'!$C$20 | I19: =I12*'Premissas e Dados'!$C$20 | J19: =J12*'Premissas e Dados'!$C$20 | ... N19: =N12*'Premissas e Dados'!$C$20 | O19: =SUM(C19:N19)
B20: (+) Custos de Demissão e Rescisão (Cd = R$ 3.000,00) | C20: =C13*'Premissas e Dados'!$C$21 | D20: =D13*'Premissas e Dados'!$C$21 | E20: =E13*'Premissas e Dados'!$C$21 | F20: =F13*'Premissas e Dados'!$C$21 | G20: =G13*'Premissas e Dados'!$C$21 | H20: =H13*'Premissas e Dados'!$C$21 | I20: =I13*'Premissas e Dados'!$C$21 | J20: =J13*'Premissas e Dados'!$C$21 | ... N20: =N13*'Premissas e Dados'!$C$21 | O20: =SUM(C20:N20)
B21: (+) Custos de Manutenção de Estoque de Segurança (ce = R$ 3,00) | C21: =C16*'Premissas e Dados'!$C$18 | D21: =D16*'Premissas e Dados'!$C$18 | E21: =E16*'Premissas e Dados'!$C$18 | F21: =F16*'Premissas e Dados'!$C$18 | G21: =G16*'Premissas e Dados'!$C$18 | H21: =H16*'Premissas e Dados'!$C$18 | I21: =I16*'Premissas e Dados'!$C$18 | J21: =J16*'Premissas e Dados'!$C$18 | ... N21: =N16*'Premissas e Dados'!$C$18 | O21: =SUM(C21:N21)
B22: (=) CUSTO TOTAL OPERACIONAL DO PAP (R$) | C22: =SUM(C18:C21) | D22: =SUM(D18:D21) | E22: =SUM(E18:E21) | F22: =SUM(F18:F21) | G22: =SUM(G18:G21) | H22: =SUM(H18:H21) | I22: =SUM(I18:I21) | J22: =SUM(J18:J21) | ... N22: =SUM(N18:N21) | O22: =SUM(C22:N22)

Sheet Estratégia 3 - Híbrida
B2: VÉRTICE CONFECÇÕES & UNIFORMES PROFISSIONAIS LTDA.
B3: Estratégia 3: Híbrida / Patamares (Recomendada)
B4: Planejamento Agregado da Produção: Meses em Colunas, Variáveis e Custos em Linhas
B6: Variável / Rubrica de Planejamento da Produção | C6: Jan | D6: Fev | E6: Mar | F6: Abr | G6: Mai | H6: Jun | I6: Jul | J6: Ago | K6: Set | L6: Out | M6: Nov | N6: Dez | O6: Total Anual
B7: 1. DEMANDA E VENDAS (UNIDADES)
B8: (=) Demanda Prevista (Dt) | C8: ='Premissas e Dados'!C26 | D8: ='Premissas e Dados'!D26 | E8: ='Premissas e Dados'!E26 | F8: ='Premissas e Dados'!F26 | G8: ='Premissas e Dados'!G26 | H8: ='Premissas e Dados'!H26 | I8: ='Premissas e Dados'!I26 | J8: ='Premissas e Dados'!J26 | ... N8: ='Premissas e Dados'!N26 | O8: =SUM(C8:N8)
B9: 2. PLANO DE PRODUÇÃO E CAPACIDADE AGREGADA (UNIDADES)
B10: (+) Produção Normal Estável (19 costureiras fixas) | C10: 3800 | D10: 3800 | E10: 3800 | F10: 3800 | G10: 3800 | H10: 3800 | I10: 3800 | J10: 3800 | K10: 3800 | L10: 3800 | M10: 3800 | N10: 3800 | O10: =SUM(C10:N10)
B11: (+) Produção em Horas Extras (HEt ≤ 800 un. CLT) | C11: =MIN(800, MAX(0, C8-(C14+C10))) | D11: =MIN(800, MAX(0, D8-(D14+D10))) | E11: =MIN(800, MAX(0, E8-(E14+E10))) | F11: =MIN(800, MAX(0, F8-(F14+F10))) | G11: =MIN(800, MAX(0, G8-(G14+G10))) | H11: =MIN(800, MAX(0, H8-(H14+H10))) | I11: =MIN(800, MAX(0, I8-(I14+I10))) | J11: =MIN(800, MAX(0, J8-(J14+J10))) | ... N11: =MIN(800, MAX(0, N8-(N14+N10))) | O11: =SUM(C11:N11)
B12: (+) Produção Subcontratada / Facção Externa (SUBt) | C12: =MAX(0, (C8-(C14+C10))-C11) | D12: =MAX(0, (D8-(D14+D10))-D11) | E12: =MAX(0, (E8-(E14+E10))-E11) | F12: =MAX(0, (F8-(F14+F10))-F11) | G12: =MAX(0, (G8-(G14+G10))-G11) | H12: =MAX(0, (H8-(H14+H10))-H11) | I12: =MAX(0, (I8-(I14+I10))-I11) | J12: =MAX(0, (J8-(J14+J10))-J11) | ... N12: =MAX(0, (N8-(N14+N10))-N11) | O12: =SUM(C12:N12)
B13: (=) Produção Agregada Total (PTt = Normal + HE + SUB) | C13: =SUM(C10:C12) | D13: =SUM(D10:D12) | E13: =SUM(E10:E12) | F13: =SUM(F10:F12) | G13: =SUM(G10:G12) | H13: =SUM(H10:H12) | I13: =SUM(I10:I12) | J13: =SUM(J10:J12) | ... N13: =SUM(N10:N12) | O13: =SUM(C13:N13)
B14: (+) Estoque Inicial do Período (EIt) | C14: 400 | D14: =C15 | E14: =D15 | F14: =E15 | G14: =F15 | H14: =G15 | I14: =H15 | J14: =I15 | K14: =J15 | ... N14: =M15 | O14: -
B15: (=) Estoque Final Regulador (EFt = EIt + PTt - Dt) | C15: =C14+C13-C8 | D15: =D14+D13-D8 | E15: =E14+E13-E8 | F15: =F14+F13-F8 | G15: =G14+G13-G8 | H15: =H14+H13-H8 | I15: =I14+I13-I8 | J15: =J14+J13-J8 | ... N15: =N14+N13-N8 | O15: =N15
B16: (=) Estoque Médio Mensal (EMt = [EIt + EFt] ÷ 2) | C16: =(C14+C15)/2 | D16: =(D14+D15)/2 | E16: =(E14+E15)/2 | F16: =(F14+F15)/2 | G16: =(G14+G15)/2 | H16: =(H14+H15)/2 | I16: =(I14+I15)/2 | J16: =(J14+J15)/2 | ... N16: =(N14+N15)/2 | O16: =AVERAGE(C16:N16)
B17: 3. PLANO FINANCEIRO / CUSTOS OPERACIONAIS DO PAP (R$)
B18: (+) Custos de Produção em Turno Normal (cn = R$ 38,00) | C18: =C10*'Premissas e Dados'!$C$15 | D18: =D10*'Premissas e Dados'!$C$15 | E18: =E10*'Premissas e Dados'!$C$15 | F18: =F10*'Premissas e Dados'!$C$15 | G18: =G10*'Premissas e Dados'!$C$15 | H18: =H10*'Premissas e Dados'!$C$15 | I18: =I10*'Premissas e Dados'!$C$15 | J18: =J10*'Premissas e Dados'!$C$15 | ... N18: =N10*'Premissas e Dados'!$C$15 | O18: =SUM(C18:N18)
B19: (+) Custos de Produção em Horas Extras (che = R$ 46,00) | C19: =C11*'Premissas e Dados'!$C$16 | D19: =D11*'Premissas e Dados'!$C$16 | E19: =E11*'Premissas e Dados'!$C$16 | F19: =F11*'Premissas e Dados'!$C$16 | G19: =G11*'Premissas e Dados'!$C$16 | H19: =H11*'Premissas e Dados'!$C$16 | I19: =I11*'Premissas e Dados'!$C$16 | J19: =J11*'Premissas e Dados'!$C$16 | ... N19: =N11*'Premissas e Dados'!$C$16 | O19: =SUM(C19:N19)
B20: (+) Custos de Subcontratação / Facção Externa (csub = R$ 52,00) | C20: =C12*'Premissas e Dados'!$C$17 | D20: =D12*'Premissas e Dados'!$C$17 | E20: =E12*'Premissas e Dados'!$C$17 | F20: =F12*'Premissas e Dados'!$C$17 | G20: =G12*'Premissas e Dados'!$C$17 | H20: =H12*'Premissas e Dados'!$C$17 | I20: =I12*'Premissas e Dados'!$C$17 | J20: =J12*'Premissas e Dados'!$C$17 | ... N20: =N12*'Premissas e Dados'!$C$17 | O20: =SUM(C20:N20)
B21: (+) Custos de Manutenção / Posse de Estoque (ce = R$ 3,00) | C21: =C16*'Premissas e Dados'!$C$18 | D21: =D16*'Premissas e Dados'!$C$18 | E21: =E16*'Premissas e Dados'!$C$18 | F21: =F16*'Premissas e Dados'!$C$18 | G21: =G16*'Premissas e Dados'!$C$18 | H21: =H16*'Premissas e Dados'!$C$18 | I21: =I16*'Premissas e Dados'!$C$18 | J21: =J16*'Premissas e Dados'!$C$18 | ... N21: =N16*'Premissas e Dados'!$C$18 | O21: =SUM(C21:N21)
B22: (=) CUSTO TOTAL OPERACIONAL DO PAP (R$) | C22: =SUM(C18:C21) | D22: =SUM(D18:D21) | E22: =SUM(E18:E21) | F22: =SUM(F18:F21) | G22: =SUM(G18:G21) | H22: =SUM(H18:H21) | I22: =SUM(I18:I21) | J22: =SUM(J18:J21) | ... N22: =SUM(N18:N21) | O22: =SUM(C22:N22)

Sheet Comparativo Financeiro
B2: VÉRTICE CONFECÇÕES & UNIFORMES PROFISSIONAIS LTDA.
B3: Comparativo do Plano Financeiro do PAP
B4: Comparativo Consolidado de Custos Operacionais Mensais e Anuais entre as Estratégias
B6: Estratégia / Rubrica de Custo Operacional (R$) | C6: Jan | D6: Fev | E6: Mar | F6: Abr | G6: Mai | H6: Jun | I6: Jul | J6: Ago | K6: Set | L6: Out | M6: Nov | N6: Dez | O6: Total Anual
B7: ESTRATÉGIA 1: PRODUÇÃO CONSTANTE (NIVELAMENTO / LEVEL)
B8: (+) Custo de Produção em Turno Normal | C8: ='Estratégia 1 - Nivelamento'!C19 | D8: ='Estratégia 1 - Nivelamento'!D19 | E8: ='Estratégia 1 - Nivelamento'!E19 | F8: ='Estratégia 1 - Nivelamento'!F19 | G8: ='Estratégia 1 - Nivelamento'!G19 | H8: ='Estratégia 1 - Nivelamento'!H19 | I8: ='Estratégia 1 - Nivelamento'!I19 | J8: ='Estratégia 1 - Nivelamento'!J19 | ... N8: ='Estratégia 1 - Nivelamento'!N19 | O8: =SUM(C8:N8)
B9: (+) Custo de Posse de Estoque | C9: ='Estratégia 1 - Nivelamento'!C20 | D9: ='Estratégia 1 - Nivelamento'!D20 | E9: ='Estratégia 1 - Nivelamento'!E20 | F9: ='Estratégia 1 - Nivelamento'!F20 | G9: ='Estratégia 1 - Nivelamento'!G20 | H9: ='Estratégia 1 - Nivelamento'!H20 | I9: ='Estratégia 1 - Nivelamento'!I20 | J9: ='Estratégia 1 - Nivelamento'!J20 | ... N9: ='Estratégia 1 - Nivelamento'!N20 | O9: =SUM(C9:N9)
B10: (+) Custo de Penalidade por Atraso / Backlog | C10: ='Estratégia 1 - Nivelamento'!C21 | D10: ='Estratégia 1 - Nivelamento'!D21 | E10: ='Estratégia 1 - Nivelamento'!E21 | F10: ='Estratégia 1 - Nivelamento'!F21 | G10: ='Estratégia 1 - Nivelamento'!G21 | H10: ='Estratégia 1 - Nivelamento'!H21 | I10: ='Estratégia 1 - Nivelamento'!I21 | J10: ='Estratégia 1 - Nivelamento'!J21 | ... N10: ='Estratégia 1 - Nivelamento'!N21 | O10: =SUM(C10:N10)
B11: (=) CUSTO TOTAL MENSAL - E1 NIVELAMENTO | C11: =SUM(C8:C10) | D11: =SUM(D8:D10) | E11: =SUM(E8:E10) | F11: =SUM(F8:F10) | G11: =SUM(G8:G10) | H11: =SUM(H8:H10) | I11: =SUM(I8:I10) | J11: =SUM(J8:J10) | ... N11: =SUM(N8:N10) | O11: =SUM(C11:N11)
B13: ESTRATÉGIA 2: ACOMPANHAMENTO DA DEMANDA (CHASE STRATEGY)
B14: (+) Custo de Produção em Turno Normal | C14: ='Estratégia 2 - Acompanhamento'!C18 | D14: ='Estratégia 2 - Acompanhamento'!D18 | E14: ='Estratégia 2 - Acompanhamento'!E18 | F14: ='Estratégia 2 - Acompanhamento'!F18 | G14: ='Estratégia 2 - Acompanhamento'!G18 | H14: ='Estratégia 2 - Acompanhamento'!H18 | I14: ='Estratégia 2 - Acompanhamento'!I18 | J14: ='Estratégia 2 - Acompanhamento'!J18 | ... N14: ='Estratégia 2 - Acompanhamento'!N18 | O14: =SUM(C14:N14)
B15: (+) Custo de Rotatividade (Admissões + Demissões) | C15: ='Estratégia 2 - Acompanhamento'!C19+'Estratégia 2 - Acompanhamento'!C20 | D15: ='Estratégia 2 - Acompanhamento'!D19+'Estratégia 2 - Acompanhamento'!D20 | E15: ='Estratégia 2 - Acompanhamento'!E19+'Estratégia 2 - Acompanhamento'!E20 | F15: ='Estratégia 2 - Acompanhamento'!F19+'Estratégia 2 - Acompanhamento'!F20 | G15: ='Estratégia 2 - Acompanhamento'!G19+'Estratégia 2 - Acompanhamento'!G20 | H15: ='Estratégia 2 - Acompanhamento'!H19+'Estratégia 2 - Acompanhamento'!H20 | I15: ='Estratégia 2 - Acompanhamento'!I19+'Estratégia 2 - Acompanhamento'!I20 | J15: ='Estratégia 2 - Acompanhamento'!J19+'Estratégia 2 - Acompanhamento'!J20 | ... N15: ='Estratégia 2 - Acompanhamento'!N19+'Estratégia 2 - Acompanhamento'!N20 | O15: =SUM(C15:N15)
B16: (+) Custo de Posse de Estoque de Segurança | C16: ='Estratégia 2 - Acompanhamento'!C21 | D16: ='Estratégia 2 - Acompanhamento'!D21 | E16: ='Estratégia 2 - Acompanhamento'!E21 | F16: ='Estratégia 2 - Acompanhamento'!F21 | G16: ='Estratégia 2 - Acompanhamento'!G21 | H16: ='Estratégia 2 - Acompanhamento'!H21 | I16: ='Estratégia 2 - Acompanhamento'!I21 | J16: ='Estratégia 2 - Acompanhamento'!J21 | ... N16: ='Estratégia 2 - Acompanhamento'!N21 | O16: =SUM(C16:N16)
B17: (=) CUSTO TOTAL MENSAL - E2 ACOMPANHAMENTO | C17: =SUM(C14:C16) | D17: =SUM(D14:D16) | E17: =SUM(E14:E16) | F17: =SUM(F14:F16) | G17: =SUM(G14:G16) | H17: =SUM(H14:H16) | I17: =SUM(I14:I16) | J17: =SUM(J14:J16) | ... N17: =SUM(N14:N16) | O17: =SUM(C17:N17)
B19: ESTRATÉGIA 3: HÍBRIDA / PATAMARES (SOLUÇÃO RECOMENDADA)
B20: (+) Custo de Produção em Turno Normal (19 operadoras) | C20: ='Estratégia 3 - Híbrida'!C18 | D20: ='Estratégia 3 - Híbrida'!D18 | E20: ='Estratégia 3 - Híbrida'!E18 | F20: ='Estratégia 3 - Híbrida'!F18 | G20: ='Estratégia 3 - Híbrida'!G18 | H20: ='Estratégia 3 - Híbrida'!H18 | I20: ='Estratégia 3 - Híbrida'!I18 | J20: ='Estratégia 3 - Híbrida'!J18 | ... N20: ='Estratégia 3 - Híbrida'!N18 | O20: =SUM(C20:N20)
B21: (+) Custo de Horas Extras e Facção Externa | C21: ='Estratégia 3 - Híbrida'!C19+'Estratégia 3 - Híbrida'!C20 | D21: ='Estratégia 3 - Híbrida'!D19+'Estratégia 3 - Híbrida'!D20 | E21: ='Estratégia 3 - Híbrida'!E19+'Estratégia 3 - Híbrida'!E20 | F21: ='Estratégia 3 - Híbrida'!F19+'Estratégia 3 - Híbrida'!F20 | G21: ='Estratégia 3 - Híbrida'!G19+'Estratégia 3 - Híbrida'!G20 | H21: ='Estratégia 3 - Híbrida'!H19+'Estratégia 3 - Híbrida'!H20 | I21: ='Estratégia 3 - Híbrida'!I19+'Estratégia 3 - Híbrida'!I20 | J21: ='Estratégia 3 - Híbrida'!J19+'Estratégia 3 - Híbrida'!J20 | ... N21: ='Estratégia 3 - Híbrida'!N19+'Estratégia 3 - Híbrida'!N20 | O21: =SUM(C21:N21)
B22: (+) Custo de Posse de Estoque Regulador | C22: ='Estratégia 3 - Híbrida'!C21 | D22: ='Estratégia 3 - Híbrida'!D21 | E22: ='Estratégia 3 - Híbrida'!E21 | F22: ='Estratégia 3 - Híbrida'!F21 | G22: ='Estratégia 3 - Híbrida'!G21 | H22: ='Estratégia 3 - Híbrida'!H21 | I22: ='Estratégia 3 - Híbrida'!I21 | J22: ='Estratégia 3 - Híbrida'!J21 | ... N22: ='Estratégia 3 - Híbrida'!N21 | O22: =SUM(C22:N22)
B23: (=) CUSTO TOTAL MENSAL - E3 HÍBRIDA (RECOMENDADA) | C23: =SUM(C20:C22) | D23: =SUM(D20:D22) | E23: =SUM(E20:E22) | F23: =SUM(F20:F22) | G23: =SUM(G20:G22) | H23: =SUM(H20:H22) | I23: =SUM(I20:I22) | J23: =SUM(J20:J22) | ... N23: =SUM(N20:N22) | O23: =SUM(C23:N23)
B25: ECONOMIA GERADA PELA E3 HÍBRIDA FRENTE AO NIVELAMENTO (R$) | C25: =C11-C23 | D25: =D11-D23 | E25: =E11-E23 | F25: =F11-F23 | G25: =G11-G23 | H25: =H11-H23 | I25: =I11-I23 | J25: =J11-J23 | ... O25: =O11-O23
